x,y,cluster
0.7047330875597438,0.1479080962193193,0
0.966892234101274,0.1136287100382262,0
0.8166884052799371,0.294631591766566,0
0.7646446607566977,0.2573103016830148,0
0.5389380381687452,0.0002771818203192,0
0.7117693363233225,0.2689578830923571,0
0.7933655740365575,0.2591534219055433,0
0.7789768642100765,0.1883390118289076,0
0.6215259463520082,0.1615293628532599,0
0.9490851373038892,0.0375425532233771,0
0.991456388021997,0.394769115193055,0
0.6509903660869135,0.0799184458486278,0
0.699375302803962,0.0936860747175308,0
0.8493412197397118,0.4730453501072315,2
0.7285548264557212,0.2639892482648399,0
0.7079512015166711,0.1800194117293789,0
0.770203836101218,0.2932241348640269,0
0.7953055164349253,0.4595074398326452,0
0.5148158728935324,0.029499358809469,0
0.8594598808774169,0.4493208222461238,2
0.7971505332653336,0.0008960242593206,1
0.587678612784363,0.0767546664258075,0
0.6797890928227541,0.0725321705053053,0
0.64979177457169,0.2724237798825891,0
0.6875152663362125,0.2248280742596923,0
0.9343569750811184,0.2634898543280313,0
0.8722423160252868,0.1925131261814516,0
0.8160495761688962,0.363545588435609,0
0.705350037871582,0.1624715327036906,0
0.5356309366961811,0.3467179010068751,1
0.9787927310854954,0.1029291236203983,0
0.5678537306110586,0.1630373254545547,0
0.9834311223847908,0.0339967843001695,0
0.6386474912516094,0.467745585597212,1
0.5283178906469448,0.2080272064554386,1
0.7185911941721108,0.1393421558449815,0
0.755893544731429,0.0693667842354404,0
0.6402085799944308,0.3460923664547835,0
0.850986349455264,0.3282256130190609,0
0.5504977321462285,0.1434633754029041,3
0.7782078742444932,0.0373671056354926,0
0.7404620711326279,0.2384533152031116,0
0.6159507366030038,0.0804138981024058,0
0.9262200625885156,0.3314941505488841,0
0.862365359740046,0.3965849270159483,0
0.9998547575005768,0.1927013711350451,0
0.7260337536368788,0.1968260830376395,0
0.666491323322749,0.4662276226867838,2
0.9475733472940172,0.3910903365736801,0
0.8419416746386621,0.297625241948445,0
0.9781684877686204,0.3492928417681558,0
0.8065007315691406,0.4251412522766854,0
0.785581996467005,0.0337285001290632,1
0.7947436824384563,0.1132744018557248,0
0.7061802698046936,0.1096504300394359,0
0.7919724461088403,0.4080633877067803,0
0.758105792964476,0.2781801925506771,0
0.7073800999216525,0.2781725012811349,0
0.740502170463544,0.3394816503668558,0
0.5838239835972991,0.0018818314761231,0
0.5944343426470539,0.1909917362193975,0
0.8567058923320382,0.3567321206477101,0
0.7580606541964909,0.1160040874464389,0
0.5601371527227123,0.2331668777676312,1
0.838441714245642,0.2076965616754837,0
0.6978737577021373,0.2951792385613913,0
0.9107207357453092,0.1405089548552512,0
0.8703590950119238,0.2654164266484122,0
0.6999111710761606,0.3402670374879956,0
0.9348462917942324,0.2911293751297021,0
0.7358937957567775,0.0460260201555366,0
0.672104117204494,0.4419425329999767,1
0.6648236009937626,0.1420790382103655,0
0.8440155236809164,0.1966246761465048,0
0.7793480782281279,0.4741857349163139,0
0.9803472296094908,0.3608419466844113,0
0.984401037829364,0.3087872437296191,0
0.910237115223742,0.4275719574435409,1
0.8615409934354472,0.1357245254901916,0
0.9851375587736022,0.244930162824241,0
0.6964638582199011,0.0003386906171769,0
0.6210832171373809,0.2471759616518463,0
0.8530696368717391,0.399084324143418,0
0.782958617429533,0.1268569572209507,0
0.8461948826502456,0.3286445526906759,0
0.7737145957930516,0.1785638743563502,0
0.8207205033589697,0.16838154285616,0
0.8380960990096632,0.3018161880878692,0
0.8836401133163515,0.0380159355253938,0
0.8916447761966475,0.466330052179341,2
0.96328787991781,0.1222961353056655,0
0.5623897247037558,0.20968472230835,0
0.6001438643049013,0.2028867059233385,0
0.6930065151612136,0.130148552862067,0
0.6826708358893163,0.3607125809901568,1
0.8362920288207941,0.4025553380713954,0
0.8573318496711467,0.3651357105996939,0
0.8154588193721443,0.1431820108109284,0
0.8986561324832613,0.4084169323404025,1
0.8491254836273402,0.1333300420511828,0
0.8860188983993407,0.0360164217504284,0
0.6270262570651817,0.1723200995984398,0
0.9536236254522448,0.1965863823006315,0
0.561969549698359,0.3022660369110105,1
0.9495476514122652,0.1117521499083008,0
0.8368550004145368,0.4481539144492933,2
0.5960966244419476,0.1271720316694102,0
0.7277555394747782,0.0435426420092348,0
0.6544527147215976,0.3116477162079477,0
0.5456596693254242,0.1494919798089921,3
0.817626194467666,0.3661162835302481,0
0.7206807282960411,0.4172292199910015,1
0.9175706016713372,0.0757897144380876,1
0.914253380927588,0.1706453984861665,0
0.6637061893238575,0.3859558782938054,1
0.686523145462539,0.4145925714574928,1
0.9432721964706906,0.4461650549575421,0
0.5571064575209266,0.3911421232065548,0
0.5914331571459457,0.2106531627953605,0
0.7807697820338462,0.3720249496032938,0
0.9950812011618584,0.0620557619684006,0
0.9039491627915032,0.4121570728802954,1
0.6861770205580504,0.2005375240600356,0
0.6709240773298852,0.3692151964446235,1
0.7640708920003239,0.4607887497572059,0
0.7796560682710713,0.4013554773966603,0
0.7393474065731322,0.310790660755403,0
0.8256021290319162,0.0311309858208389,1
0.6059725788887833,0.3657319564076491,0
0.6507016629440724,0.1098941328089454,0
0.7251147183785047,0.0678848118470599,0
0.812279573448404,0.3883471525865668,0
0.7149488526890904,0.3997215541366412,1
0.9656165817930285,0.4435622766444035,0
0.7182638916310534,0.3271680868121509,0
0.7459680271538702,0.0623313564011086,0
0.763761003333833,0.4459150444102315,0
0.7049205147800571,0.0556433993166451,0
0.7861717773543345,0.408203705708324,0
0.8517017677528123,0.1687502682456076,0
0.9565206270586184,0.0121968469301311,0
0.6614918345637193,0.0344903185342223,0
0.7952874301878718,0.0836349859848938,0
0.6643775057726837,0.0327645645674524,0
0.7764185036280101,0.2491032572204757,0
0.8878973601264534,0.4325600843898147,1
0.6930425450125671,0.3176819331518689,0
0.7367292918112222,0.0868661168009117,0
0.689211523482491,0.3503355091291072,1
0.888703060264087,0.2024363473112544,0
0.923796747743102,0.1560335686372618,0
0.8620974559021757,0.1921946403679916,0
0.8335007268440362,0.0632729404229542,1
0.9170991350156033,0.3323095348111513,0
0.8138546635601881,0.0126810629643414,1
0.5603457902894011,0.4566998352953147,1
0.846335230788014,0.3750771142509925,0
0.6735027348629515,0.1664242580697191,0
0.8899725510618858,0.1661537943448718,0
0.5400369654591657,0.0115811071832105,0
0.774099466391368,0.1979766094600245,0
0.605343266487008,0.4109390783519339,1
0.7600145935394846,0.2288370547456891,0
0.734436124425288,0.1402819401230328,0
0.9472617313395086,0.3586349848888183,0
0.6597901739798805,0.2284817855012221,0
0.8764009340021864,0.0532773776471841,0
0.8069158014917418,0.3876337196769924,0
0.5686684457641119,0.1496262130825443,0
0.5510686616347842,0.416912782383699,1
0.5306628381470528,0.1128741185063662,3
0.6088212087085656,0.3916892609552856,1
0.4960234463877325,0.023415236148589,0
0.8584064352461964,0.0861298104040719,0
0.657415161997785,0.3298874542754367,0
0.8812738132290325,0.1499413664998332,0
0.8118448577804485,0.1290970821714528,0
0.7898848246312143,0.0766071815501246,0
0.7700843327401228,0.2104831138204013,0
0.6691360138609892,0.2335019821060022,0
0.8061412880381258,0.0062741971315997,1
0.6443273372190499,0.3416012311633171,0
0.5963930332675804,0.3874914177463165,1
0.9182698571459678,0.3977997913279351,1
0.896982643417743,0.4744070534992578,2
0.7334958892534803,0.3049206788397337,0
0.6885220620828757,0.4317020092562195,1
0.8463929696704625,0.2922078119494231,0
0.6914079187896773,0.2275719294421893,0
0.7786418698743246,0.2845297713632648,0
0.6164092699238655,0.2896910359421631,0
0.7177526648852639,0.0472328876840951,0
0.6489642805065088,0.3619013489906663,1
0.816353981410112,0.2155772448615581,0
0.9629096041095272,0.075083693277244,0
0.6021213689062819,0.2436231811511978,0
0.8175781159978095,0.2417838653127237,0
0.7217221597860595,0.1799312681435176,0
0.6987185677443251,0.1239841293104783,0
0.7044292447969959,0.3495767656719971,0
0.9944221270473764,0.1172010771425743,0
0.7817462103845789,0.1042168955277599,0
0.6618751613948143,0.1509971127275238,0
0.8691726712649291,0.3715853316529915,0
0.9557362664212644,0.3931772973574117,0
0.8909530982052277,0.1999761236625525,0
0.8132949601955741,0.1910072803506608,0
0.9840179958822676,0.3781156123364556,0
0.7612955415094035,0.3670514384691844,0
0.5882145738126372,0.0144964515130807,0
0.6046689546546313,0.0934754685804915,0
0.636018011407978,0.0567599823343942,0
0.8615538960093249,0.0275708039581118,0
0.7844979448220761,0.4496301975185989,0
0.8904076492387387,0.0799533795074708,1
0.6977513879385692,0.2171555116691712,0
0.7708258227159618,0.306708687356193,0
0.7086090498260716,0.4494578953218056,1
0.6013930353658036,0.230817616425149,0
0.597884939094112,0.2367914067616416,0
0.8085393093055278,0.3210950037060879,0
0.8446259185860175,0.2397403837412904,0
0.8640877429115824,0.0309793566795123,0
0.6331693723660137,0.1488428815244087,0
0.97836844483291,0.2439725967999118,0
0.620170333843089,0.233832578862917,0
0.592542466959357,0.3415455609444974,0
0.5404227080148931,0.4148917818955489,1
0.8669350324455365,0.4524216393531381,2
0.5511678876988435,0.379371512975543,0
0.6514847769936787,0.3631507474778155,1
0.5171881987347544,0.0498752353860721,0
0.606677498233668,0.3682437868256102,0
0.6308412959997154,0.3599243386732615,0
0.5883011470867888,0.3271884144526678,0
0.6043657640299218,0.1741804725357424,0
0.9843132182506272,0.3647045443721505,0
0.9315383628761632,0.0165675398345225,0
0.9996222390437692,0.2002041898720687,0
0.541070622805712,0.3121347503743352,1
0.7277178732047297,0.4735628230666825,0
0.5183615868234797,0.2359565327102123,2
0.9546454569615244,0.0092556929578552,0
0.5873782385794355,0.0607796322841073,0
0.6137671237794253,0.2373086420269989,0
0.8653985153859693,0.0441005102614858,0
0.5923099018320037,0.4154256558401759,1
0.7050504729145007,0.0438613712563993,0
0.7321126111868106,0.3433151168949667,0
0.935718813524355,0.3868244188962687,0
0.6299407503474921,0.2111313010609495,0
0.7897004513258568,0.3498023594464152,0
0.8407324784399297,0.2204091191428344,0
0.9460665618494196,0.4342870460772444,0
0.7814694951003317,0.3337256709083506,0
0.9135002389938852,0.1027786866411307,1
0.8271823973895692,0.409057400490078,0
0.6782121537787573,0.1881027712288148,0
0.7616093702837227,0.2089217113172237,0
0.714730032977567,0.4697440906421556,1
0.5025648548560143,0.0107293231368132,0
0.9853902939089888,0.3690854264888143,0
0.8562764772094206,0.4166856028077164,1
0.9333083228150714,0.3358403898884599,0
0.5719525699055116,0.2258538589811397,0
0.52394370845392,0.3416421876146178,1
0.5882542175725552,0.3837695715608659,1
0.5563398235153794,0.1859232527280123,0
0.973706165723119,0.1156978958853288,0
0.6569162698120845,0.0528641457184111,0
0.5973421768348246,0.4387983214165928,1
0.6513851767343969,0.0638853619672382,0
0.5451909416027582,0.1648156676723798,0
0.570724500781533,0.1131796740865394,0
0.9889466585337968,0.1307376129329833,0
0.7450758674749851,0.0100629619307567,0
0.8783302974905572,0.4710152439371932,2
0.7668010723308677,0.1784061705374195,0
0.6869087025208157,0.3046969682947331,0
0.9866674533953528,0.4180168580544909,0
0.6604621724942108,0.1679937888506152,0
0.8804206494654889,0.4654171146299954,2
0.8842616811090797,0.0886341787656497,1
0.782717198826227,0.0602122973911863,0
0.9948474603984648,0.1497358149549875,0
0.6942075938388093,0.4530756998299717,1
0.6070151731696618,0.1798403585411834,0
0.8757220177390985,0.1529803173059075,0
0.8848384943442197,0.2276350239140382,0
0.6985506575730924,0.0973634164524595,0
0.6696685847672075,0.3404464638251688,1
0.7558582558584703,0.4516589640226371,0
0.7648550123081527,0.1458548643300694,0
0.5528882174537874,0.4456598759731939,1
0.8493137505370973,0.0761859777727689,0
0.916585513849923,0.3587540932540582,0
0.544224147736228,0.0110110758609661,0
0.6372962082142571,0.4697526231481559,1
0.7998332214410175,0.4198064645830394,0
0.9978691582653658,0.2355210857045704,0
0.7173529040205988,0.2117910078108023,0
0.6097892446313847,0.1566151367999926,0
0.9141856136681912,0.3263056103890286,0
0.8857460401707692,0.132240493919779,0
0.7811100970719087,0.1342748385502709,0
0.8756758589209743,0.0296059421033243,0
0.5660325711560831,0.1541765744651754,0
0.5438621326776939,0.3694098377455163,0
0.7589655904431113,0.2778121378741987,0
0.721409353972753,0.4709272554523621,0
0.6105701978656063,0.0884860155414916,0
0.9608289701792774,0.2353740445942487,0
0.6778072582072788,0.2898150182209582,0
0.8995663389809224,0.0784193562722008,1
0.9645800654693526,0.42052097854149,0
0.556529419172121,0.4249228677438006,1
0.9944409556271344,0.2426652421806531,0
0.7868617567862316,0.0909921963996426,0
0.7503083179933466,0.2232720291694744,0
0.8290200112185759,0.0193807172434407,1
0.5720579785333368,0.2119072127990339,0
0.9103582286035156,0.3552392264225461,0
0.7803275278051537,0.4110692806643526,0
0.7646734947021163,0.4348531345183873,0
0.7791882222472947,0.3012763595272776,0
0.7884502895142993,0.0016418322748633,1
0.5990454937673828,0.4346221037847901,1
0.8348083416322176,0.388981733583904,0
0.5303182828798658,0.4042366625150309,1
0.7102431927740921,0.0820983278028147,0
0.8638598321105566,0.3335672171076189,0
0.5931398369860907,0.1998842246642418,0
0.6922612307251083,0.2935176007821676,0
0.8950509919152526,0.2031772137030835,0
0.7338244631863536,0.165318571039336,0
0.8690066890291281,0.0007295548012319,0
0.9359629191583908,0.2760298142762131,0
0.8041319571152918,0.3306892597393182,0
0.8363012954939101,0.0663739580101206,1
0.6401268706427589,0.0793562647497164,0
0.9592778166271244,0.4521640765117003,0
0.9159023395794016,0.0931483452504629,1
0.8619697689581653,0.0784321030223154,1
0.5160296737985046,0.2143827513558011,2
0.5640953362217854,0.1525293912984742,0
0.8413217553233908,0.1040203000633261,0
0.5859715158552966,0.2352081462814046,0
0.94449910527915,0.4206524959804602,0
0.947793549170304,0.0396638879385308,0
0.6437655827027071,0.2206691450120419,0
0.6331514557665878,0.1434182565931222,0
0.7707225856370402,0.0786371405044163,0
0.974400313291852,0.215159813323127,0
0.757100611646708,0.1830446071482095,0
0.5498901676120482,0.0488230554258011,0
0.9158585471211328,0.2570682055614331,0
0.7394330049838082,0.2442767243081245,0
0.5400755970758261,0.2145253460394793,1
0.772758663017236,0.4279665714974463,0
0.9574965989953502,0.2802009974510951,0
0.7186142421654158,0.4302081962173816,1
0.7119176147639207,0.281149767439151,0
0.9119349684144028,0.020849484881854,0
0.8627441276116415,0.071356371587176,1
0.5992815824774459,0.1767461506516502,0
0.680944185022213,0.3298116797848939,0
0.6388492404750727,0.4352734991143053,1
0.6606756242934618,0.2826244736307929,0
0.6266739836028542,0.4633194306721441,1
0.7889156812601789,0.1567127341092592,0
0.9703957730778344,0.3669884275967942,0
0.5289747736997656,0.4211297404364359,1
0.8276618147080017,0.0072220056374755,1
0.5628328273045171,0.3188022914642273,1
0.7942549240064295,0.2659502943679204,0
0.6621779506136095,0.4121934082566332,1
0.5934322400583923,0.112189559385232,0
0.9760840828968126,0.1441505599036195,0
0.5578317715627544,0.3013306588544362,1
0.902788079187684,0.2563000706682208,0
0.5692110425162649,0.0133055910301395,0
0.7862402965649216,0.4755282968877058,0
0.6135316506412429,0.3486970383727429,0
0.7672673079112664,0.2888846216508414,0
0.810154521523649,0.2524412340947504,0
0.9996515187726476,0.0694272249627283,0
0.8810719359254816,0.4391760076790986,2
0.5469955598361017,0.3235614313387129,1
0.730301469117759,0.2529001610624143,0
0.8494091592875465,0.1652912157648765,0
0.6980136361365576,0.42008699016635,1
0.9342109038664544,0.3987182061765757,0
0.7641226048984638,0.2853168051389253,0
0.7264873411269953,0.2194124398490281,0
0.76023451335575,0.4058261741436336,0
0.8521225476844386,0.1484742728822892,0
0.9644654003925894,0.4545438068829877,0
0.8824645587644797,0.1903074117293469,0
0.9697262719616764,0.2925659294580167,0
0.8921228183698626,0.4179672400032604,1
0.7622983215571139,0.2859826556286885,0
0.6984414978146993,0.3995933936232209,1
0.6635700474573617,0.3583377007607649,1
0.7694058725927622,0.1727506838375112,0
0.7958807139721784,0.1788347366080684,0
0.7615786265181135,0.0447934094494916,0
0.6212716531696405,0.3204399905498605,0
0.8915295727539841,0.1838640375576535,0
0.7366280767585753,0.2597798853148854,0
0.5717260912572153,0.2287236824121071,0
0.9619016255584212,0.2840423993312968,0
0.5224009714977047,0.1970331245231886,1
0.985759918775824,0.1085353960409817,0
0.6619340875018352,0.056426056962101,0
0.9159275347254646,0.0564124259043045,1
0.7459087061317148,0.1097735195165834,0
0.9198487594845696,0.198820826320885,0
0.7724782064398038,0.3449520841469138,0
0.8657195318296081,0.4433879710748086,2
0.8634286156254766,0.3309654539661816,0
0.9495074109837548,0.204548111211806,0
0.6929735618738908,0.4509095450418141,1
0.9835543010989392,0.0685579786946185,0
0.7461455023192943,0.1774103017964119,0
0.7724974409144639,0.3794165038245928,0
0.7664578174761368,0.0913805534971817,0
0.6519445256212704,0.0903358161860179,0
0.6671671380761258,0.0509107195844785,0
0.8979314754123774,0.3145174894112549,0
0.7101141922551022,0.1512780945230613,0
0.9470632642859812,0.0147817590752067,0
0.6988295543866097,0.3641880746593314,1
0.6231706585257789,0.0626938810260556,0
0.5954256995848426,0.2743980918109777,0
0.6209924294109861,0.2285517771999964,0
0.9090543813429116,0.2221147930883276,0
0.5510730968133762,0.2144253316305061,1
0.579967128427288,0.3180090483211938,0
0.8925117026399617,0.364783917271649,0
0.7116785744052774,0.438206473251832,1
0.8597908430064768,0.0756900839230372,0
0.5875764608694659,0.3061359846432053,0
0.7231810819694348,0.4794264354724786,0
0.6951921595714203,0.0227253012500719,0
0.977910542295878,0.2566827736681345,0
0.8580317546403747,0.1278629639001026,0
0.5748938784226179,0.0231483563143078,0
0.6647791448668556,0.0206924097412024,0
0.7805266703541984,0.1139111099816789,0
0.6851446799594515,0.3861386247445426,1
0.8928459201582839,0.2501945011078664,0
0.9676343100191096,0.4176393633030737,0
0.8990109134925656,0.4070177535169573,1
0.6557976070677749,0.2425091807196076,0
0.5182356709233007,0.2795078142857864,2
0.9490547406776666,0.1412563999123168,0
0.9109276948992804,0.3072964241211184,0
0.9075943794477672,0.0036176505730712,0
0.6486712077056815,0.29999621427775,0
0.910067374534971,0.3639664382284233,0
0.8022142499343002,0.1362493645538574,0
0.9042678016899128,0.0079010197961212,0
0.647436032784742,0.0981366212909041,0
0.5921150016549577,0.1315851782577187,0
0.5835378326748404,0.1776841169569086,0
0.5939365450608673,0.2262703911534848,0
0.8957411091876343,0.295588544690444,0
0.6572054680996279,0.1689529992351341,0
0.6632185503375921,0.3588541003348828,1
0.7711885350132621,0.082545763508824,0
0.91106884102972,0.2581701803402306,0
0.7992383086002516,0.2010486044936553,0
0.8615514986545015,0.372438889436066,0
0.7698427490622555,0.2160559048382543,0
0.6288915159523105,0.3557120269148277,0
0.8640553913822587,0.4582974508002768,2
0.8004946865303009,0.0997351450155423,0
0.8702607855449407,0.3181966326748716,0
0.5321649025118811,0.852643853138509,3
0.7550933685545542,0.9765295229467498,3
0.9718147259098984,0.67343687157218,1
0.8082724793971603,0.6486062635543804,1
0.9902330696815176,0.5737835104884759,1
0.7011769688483969,0.557129431381813,0
0.777273515673552,0.7692582276751262,1
0.9389874634994836,0.5993489053188076,1
0.5868289231785245,0.6872730648364235,3
0.7412769397441158,0.6879974160737855,1
0.5785559299977322,0.7784170465196696,1
0.5226824940377415,0.6794347886136516,3
0.9489236865152576,0.5243475461408511,3
0.7197475862696492,0.5526526685320067,3
0.5104387645018857,0.5705573219638459,0
0.7552303781089872,0.6805037785238939,1
0.788989734340744,0.8616419354398492,1
0.8531508088967925,0.7599298870200019,1
0.5407980047189098,0.6979367817502106,3
0.672717208501969,0.5105378790398718,1
0.5829521580920415,0.7347339228889151,3
0.9254417216391924,0.8782955117010397,1
0.8447141508615238,0.9293777767478054,1
0.9126996369151016,0.6909381638325731,1
0.8004188966657713,0.6218070323807502,1
0.8179301660138488,0.6080081762810035,1
0.5394052671208048,0.5436229634856441,3
0.9173817341719782,0.6076484778413175,1
0.8592241349599288,0.4866049563624647,2
0.8669849620279048,0.7939758921351112,1
0.8321283041127453,0.8271567065799916,1
0.795850870590742,0.8050903391686083,1
0.9825277132117676,0.7836123291869322,1
0.9993235152496396,0.7088420928917941,1
0.5583911966936852,0.6277067337911135,3
0.9320824026450908,0.6015493976589801,1
0.8416606158618907,0.9785933159132963,1
0.8055025447395576,0.5098431722935813,1
0.5149476006216583,0.5476987864438173,0
0.8539334464393709,0.936470890366602,1
0.9642398904621582,0.920764699808478,1
0.6664985247246916,0.987499495662477,1
0.8422986660240006,0.6076163584393202,1
0.6849623283076979,0.532231823490886,0
0.9351374633421984,0.9692863525248808,1
0.5307538714990481,0.6603116606554561,3
0.5998863675912087,0.901501513777457,3
0.7580725905301751,0.5550273454638245,3
0.603900850558185,0.7601207148531702,1
0.6306533286940034,0.7744722655818149,1
0.6370296460351752,0.9606679957595912,3
0.8939439705001933,0.8227997144073568,1
0.8087156231576791,0.6876542917332629,1
0.8303024375769222,0.6781905935467751,1
0.5531882407068357,0.8085558885693633,3
0.625933555808241,0.722770565087187,1
0.8468088072472151,0.8989122370498165,1
0.8835899831942242,0.8299470127598637,1
0.9818296645025966,0.5531394805983059,1
0.6052211105349288,0.8107227499458971,1
0.9176825240634002,0.937686894254452,1
0.9041846678100924,0.5093149587393745,3
0.8028579227596728,0.9700286302432924,3
0.9022609462658002,0.5224560804775112,1
0.972389262106832,0.7474817285596042,1
0.5922494199585203,0.8441298220064991,3
0.8475545533009778,0.788279928311211,1
0.90945606550712,0.9221410314035636,1
0.5118876287132271,0.5313447072515552,0
0.8734529689342285,0.732042642351138,1
0.6419167399371657,0.8159517852209699,1
0.6672929846462774,0.8655809095300286,1
0.7750285647160686,0.9593101694604004,3
0.5218022921126529,0.5372382214648895,0
0.8511795376894562,0.6935014683275581,1
0.7099102628772116,0.5483405248700328,0
0.977715973431272,0.6036622699209513,1
0.9453619006765308,0.5309489689446238,1
0.5534228471823006,0.7434851008694169,3
0.5674475215395619,0.5118260193682916,0
0.7275667574165597,0.4941186783125064,0
0.604489490805153,0.5575041129959144,0
0.5481921572053556,0.9029611757630256,3
0.8548763635446863,0.8104545976909406,1
0.9256554194624036,0.7676522907193104,1
0.6240625992259858,0.6269308681421171,3
0.9605517366606756,0.5317973474247526,1
0.5825558504158188,0.7052973579251728,3
0.6845387373103526,0.7071952227386666,1
0.951099780675851,0.536821405159723,1
0.7153500865307827,0.945249633280774,3
0.9324892974066492,0.6026844362385482,1
0.6892448259057329,0.6044338811569051,3
0.5256280845769137,0.6579829146990717,3
0.8653374481928855,0.919758374603216,1
0.6665178406553337,0.7848497716601007,1
0.9386086807188108,0.7020959198447755,1
0.7955925652683495,0.9495929814176326,3
0.7080737028761163,0.8767504100212681,1
0.7047071453016532,0.9099942015648118,3
0.9642241304211778,0.9640425910077992,1
0.9187814376890484,0.5854896174260986,1
0.600357414382492,0.7212262533403885,3
0.8945248980855511,0.5476922374441556,1
0.8468151073058084,0.8399821345197699,1
0.8940440843632553,0.9651976292401576,1
0.8312502430413916,0.5906634597518434,1
0.668138722314429,0.7230427720964563,1
0.8308001684359422,0.7555915922342794,1
0.7206636496970239,0.5011284063081857,0
0.7183884483581466,0.6944047449528955,1
0.7494107712931937,0.866900669076397,3
0.8330369903759104,0.5627530588889473,1
0.8553746977722037,0.8605760708010863,1
0.9442620447406392,0.9326842932994144,1
0.8066641970312228,0.4996909696627927,1
0.958839906264521,0.5614075436984022,1
0.8078053485509717,0.8635173498005387,1
0.5562367945894314,0.6029249516631028,3
0.9056980833169774,0.8313353119103509,1
0.5847086097671679,0.7065803150291524,3
0.5828365053807684,0.86249371538458,3
0.9734895660783502,0.7794213106621355,1
0.6982728041160723,0.6841934703819249,1
0.8163586802549825,0.545609886631507,1
0.8398297336003732,0.8383696495798597,1
0.7941247449746254,0.6092953613927825,1
0.8573268021627145,0.789346268356301,1
0.6969747467954696,0.6331268446602636,3
0.7732417127140337,0.5761553154473908,3
0.565408172226608,0.6235560809290444,3
0.6436659751279494,0.5265242804759918,1
0.747649618275843,0.6280696635231714,1
0.6341373792235744,0.6557100518570443,3
0.6042481425612206,0.7877772703377466,1
0.5750053155571285,0.5801710403642379,3
0.6946254467925191,0.6277800572239138,3
0.7553331773936927,0.6297052182262254,1
0.6614966191499083,0.5652149556567844,0
0.6477119982414449,0.756938696842591,1
0.8609062341275397,0.6620580167424367,1
0.5415425025655775,0.7794850914726387,3
0.8727068857517241,0.623634151452636,1
0.9629034634687108,0.5448885862109956,1
0.7326755015675349,0.9728016037996924,3
0.7627744665131103,0.6418203672748256,1
0.5974333939904128,0.9588743946254126,3
0.9457587951647032,0.5892418158241451,1
0.925795289859478,0.8964441905228725,1
0.8441724019286655,0.7135627351412119,1
0.7959739463286352,0.9917191713800848,3
0.94449315694915,0.8086446175125196,1
0.6680878816128062,0.9815439620772606,3
0.6776970256451453,0.6149197396142632,3
0.9657504781004294,0.8828922627924543,1
0.702454636132488,0.5585778149119477,0
0.7103707487176331,0.8859558441715761,3
0.7936959181282266,0.6816489892992924,1
0.7621527531978827,0.8601294491359744,1
0.6953545841252202,0.562548326355339,0
0.6795734313510304,0.9484670751801632,3
0.8998557215378177,0.6076850347197016,3
0.9235000741157374,0.9481759976098898,1
0.8621031619719857,0.8020535873901984,1
0.9897124565228236,0.7393036974703063,1
0.7747022371440343,0.9631693663816444,3
0.6545794932430294,0.7189698177703169,1
0.9090138742840372,0.6922809672206557,1
0.9319401551376668,0.6754791988686872,1
0.593578710878351,0.52145788476121,0
0.8463796448699916,0.619206181829125,1
0.930002015626766,0.8497890744569322,1
0.9013433258831152,0.6129411204212233,1
0.5701852130834933,0.8846142715124488,3
0.5071544229321996,0.5539374515032897,0
0.8945057386583886,0.6017370266691886,1
0.861019283598097,0.6953601201652009,1
0.9274677302348252,0.5868415893426426,1
0.8237188770293685,0.7605203520223813,1
0.5852529470889589,0.6095504760038063,3
0.796990723136476,0.6817319061459671,1
0.5322396806672803,0.538173616232955,0
0.5663838671946806,0.7167736600692521,3
0.5360124151587129,0.6941398681292036,3
0.727672857544719,0.9291089860903544,3
0.6446526050734832,0.7962605185362327,1
0.9069520058007112,0.5977424752807261,1
0.9200079225039528,0.9297366056425111,1
0.6782420573137994,0.8518486434234567,1
0.5295256232764377,0.6961389462242483,3
0.8005720807977527,0.5922070934999061,1
0.7386579612163701,0.709647024898171,1
0.8966895378163906,0.572931305388928,1
0.7696956915591886,0.8508260786322451,1
0.5981687326619252,0.6594726447727426,3
0.8391717975047195,0.6270635302102271,1
0.7434658507780441,0.5820071863402294,3
0.6579526422966867,0.8262682554044488,1
0.9858138428134025,0.9538215246282572,1
0.6837570122376527,0.9667311266187464,3
0.8636648844581154,0.8904055654146777,1
0.9200151132496884,0.5057455950856894,3
0.8836987213054251,0.9562706373488752,1
0.7252268599251475,0.7498741740231577,1
0.8226044084070906,0.5287906115678576,1
0.7436155331756229,0.5411053030715274,3
0.9949287659883396,0.8765386748311113,1
0.7903366974766342,0.5684493752450863,3
0.6079050342516322,0.9385143491497075,3
0.5708683091613261,0.6710104252713789,3
0.9249506787235918,0.6373148547883414,3
0.678907687578563,0.9369154166941892,3
0.8961860046985841,0.5767102946829613,1
0.886729051077505,0.6159282489751391,1
0.989387432910254,0.8217156682135013,1
0.9538413644984116,0.5856477527082744,1
0.9182332364281336,0.7906799832133823,1
0.6823231429246722,0.6324248236091693,3
0.8512185059068138,0.5892285562500136,1
0.9959869407914336,0.7975182971119871,1
0.6727503699647415,0.736100523598522,1
0.5329753379621694,0.9579511973606047,3
0.8875876447014964,0.8079753328632382,1
0.6606039927949993,0.9091509830618448,3
0.8624127980451638,0.5487027074062416,1
0.77462274075046,0.8369574277123732,1
0.6431494349140364,0.6484042358022356,3
0.7937110750360339,0.6073498429928267,1
0.8579760821842601,0.6798673312487954,1
0.821735323118053,0.7602023430006877,1
0.6658506473042554,0.5787859889537732,0
0.5518890205862044,0.6488744202841945,3
0.5883212722132056,0.7412614187792191,3
0.9038206465530038,0.8090121240177647,1
0.5371597960233023,0.7961995731929453,3
0.8679885994209434,0.5481484971394358,1
0.5835920935627639,0.6503141147523576,3
0.8330113964756601,0.8687320565502297,1
0.5058193863193992,0.5586168211610206,0
0.8303391818799728,0.8731375722428846,1
0.904276393586008,0.8535174459015047,1
0.6099533677944436,0.5697631293026438,0
0.532616275345838,0.5275630692400362,0
0.9038844375944252,0.5900607249585391,1
0.5634990522658314,0.5454322035869631,3
0.7754270911017278,0.9131030550845064,3
0.7360113676239265,0.5178329428966971,3
0.6381421937854868,0.5476068941187496,0
0.7944064200453194,0.8744151204104935,1
0.5677097616587138,0.6049028908438823,3
0.5638808500344302,0.6160576528461027,3
0.6533670395797435,0.6924259354404504,1
0.7096013773153846,0.7259620969206765,1
0.6590372193105095,0.7621613026980937,1
0.8606693459478807,0.6801007726181506,1
0.5630333927883733,0.939862081827858,3
0.6427155692157308,0.9714857455773436,3
0.820169922496141,0.7064937625679565,1
0.9294757025675856,0.8332661934408027,1
0.8732165476405979,0.8296353967723815,1
0.5549309463841544,0.713856321868467,3
0.9216731355882624,0.8411731497306392,1
0.6387925442440149,0.6431322244344151,3
0.7121162091303241,0.9288974171777574,3
0.511216526534445,0.5975944290753689,3
0.8018142675796593,0.6562445452545335,1
0.5464397859124369,0.9756665920049512,3
0.6988855118097391,0.9436717324150664,3
0.8172328901216207,0.6746126540540833,1
0.8243568725014637,0.7831132121816817,1
0.6153658955241993,0.5485629515888398,0
0.6131914559075836,0.9257034714892338,3
0.9805516853533436,0.5884103096162809,1
0.6161675646423771,0.9585989632565736,3
0.7596209210838495,0.561269357462877,3
0.5690819111156097,0.5564698584689063,3
0.5075567657125799,0.6008874745903048,3
0.8969373097736186,0.9495542662229424,1
0.6955117528543419,0.6198408238133201,3
0.6055127510243392,0.6145324320651533,3
0.9090600047206432,0.5646574721086668,1
0.961653613931986,0.7241525734700263,1
0.80668732623709,0.6232650181880236,1
0.9760274202435796,0.7491691543365456,1
0.9472781591229982,0.5576495772207954,1
0.8727828470490724,0.7551034381469909,1
0.5856820119160128,0.502712464326198,0
0.8861158459797164,0.6425163415939034,1
0.8480306971096648,0.9358219783279024,1
0.7085720119878504,0.497682618712794,0
0.9106125379969032,0.701630337835288,1
0.7287157543509833,0.5867678972583606,3
0.9428024071417812,0.499796747567036,3
0.8722513351787669,0.9357527868015556,1
0.7968119244674758,0.7030008509247065,1
0.7853667575808301,0.6437512244824901,1
0.6068828373962691,0.8128244204416476,1
0.5352601824548768,0.6401877565241008,3
0.6090794109605039,0.9339484088975694,3
0.989025617334212,0.8987109696054031,1
0.5398044984478565,0.7112512736877676,3
0.9594662836199568,0.839863084213271,1
0.760177863470797,0.6822830175776676,1
0.6620734798062314,0.8887584472131742,1
0.968444418626323,0.7781580141451612,1
0.7253952130451953,0.9653059915866214,3
0.572080495403843,0.779310311986316,3
0.7950165357684037,0.7320118716460959,1
0.6200555805558893,0.562184056067125,0
0.664873801338056,0.9379381947281996,3
0.837845192201589,0.672074180191472,1
0.7203246845268816,0.5636392203082049,3
0.8003665406535352,0.6276107189035697,1
0.5974747609864327,0.5273389080594463,0
0.7960302763484945,0.7868310241133698,1
0.7434808185814346,0.9011066838945858,3
0.7087292597257457,0.5538421090561848,3
0.7344764035536163,0.974362203339033,3
0.6877224249036138,0.9080722914836752,3
0.6082941101109747,0.6073215330948313,3
0.8587972005435096,0.8524431969983555,1
0.6014796175243655,0.5974191824368857,3
0.5951600694048387,0.5336754594333107,0
0.8026891063423092,0.7295015942219024,1
0.6187957145158747,0.6572856510772733,3
0.9175540824320548,0.5381646274001181,1
0.9421460193970084,0.8160043690943288,1
0.9276647190115213,0.8354009123380333,1
0.5733677133059972,0.801600113159815,3
0.9490184592014266,0.8492540289894748,1
0.97545595356856,0.6813254075329361,1
0.9980901403054726,0.5262783103987726,1
0.7694339606775219,0.6548050397555827,1
0.7100220153676464,0.8689406963932197,1
0.9611327004301272,0.7301689691163058,1
0.723853657198446,0.5182662100707148,0
0.7621541189302761,0.8234179765337765,1
0.6488144491700105,0.8422333251620112,1
0.5407065443312538,0.8262023655124602,3
0.889351047827545,0.9210091288069612,1
0.6065266709615613,0.5957230336835891,3
0.9996441070873516,0.9898876067808908,1
0.5622263449471141,0.8880152975917271,3
0.8601025314818445,0.8661391593289862,1
0.7997515184150102,0.495794671134115,1
0.7792154471278999,0.839498125001023,1
0.7321551643755367,0.5373310980758829,3
0.9728209432604106,0.7168605720222114,1
0.9772666236295114,0.5393058795979271,1
0.7479519559819957,0.995948946620083,3
0.7258237189306156,0.8840313487447183,3
0.6737772614630998,0.8556841909166263,1
0.7967730157892183,0.9000745325464368,1
0.6597503050740695,0.60197555404703,3
0.7628998107552566,0.5469230155098311,3
0.9576760348200682,0.6064754450745531,1
0.8045919932482385,0.7735633113852397,1
0.6377436599546057,0.7282389002061248,1
0.5910872684239392,0.7326133814093195,3
0.6990707788351015,0.7492080147868876,1
0.9979478240525864,0.8235202226202364,1
0.8556472184417909,0.8664670701314526,1
0.8571015055673118,0.9756627795147932,1
0.6893694245389435,0.8244417957710586,1
0.7916155420434933,0.7471717261914571,1
0.943344006755119,0.5454402697995878,1
0.7571854185823171,0.6471907510781647,1
0.8237044485116096,0.8471161940261803,1
0.5596683207411458,0.4983923700704229,0
0.9043659299870191,0.9882119442055894,1
0.7610323271156836,0.8367714585959635,1
0.5622640721896536,0.7203295198840993,3
0.9356699404447012,0.5922886059729163,1
0.8432859966922113,0.8743320526252385,1
0.5601342461366474,0.6368673365462596,3
0.8034817618646758,0.5333502247923994,1
0.6878385519219197,0.8379554521668262,1
0.8588352816912238,0.6786806766322668,1
0.5906662874043195,0.772730517858421,1
0.8057861643237616,0.7842729982718845,1
0.6414262081068808,0.89641549529759,1
0.7247306343227741,0.5603642085928946,3
0.9090841216243236,0.5601897303932777,1
0.74546910554666,0.6050881440284014,1
0.98387219975518,0.6585502264420824,1
0.6185368507644085,0.8423907375735602,1
0.712251564613917,0.850440688768184,1
0.8400854985855148,0.5809641341116907,1
0.7871867938439394,0.5756524011439953,3
0.767944159229608,0.8969771947152513,3
0.9176734744513156,0.5007681665182191,3
0.5541458887551225,0.7861063318872307,3
0.8323106707180445,0.5215461220500551,1
0.5941792174866088,0.7798556440850448,1
0.790334909944702,0.8478580838531455,1
0.8516470130141017,0.6524959374118541,1
0.895701139759177,0.4885193105162129,1
0.975491806102763,0.792049271019395,1
0.965338919567692,0.9902547242247648,1
0.6704902123962965,0.5933750770673616,3
0.85638853653182,0.6933751812148236,1
0.5423115730309483,0.6615614787664785,3
0.8032602543184252,0.6769133025691307,1
0.736427518121573,0.6263145681967686,1
0.5544909278273518,0.89157239175949,3
0.6560707942475644,0.7633402981513238,1
0.5671246399074319,0.8190122794662869,3
0.6759062212617908,0.617902062261864,3
0.5413253026406212,0.8637815499591284,3
0.7599559320744844,0.9784024263170524,3
0.6592504528828842,0.5460151369972012,0
0.962366863683177,0.9512560148340388,1
0.9624122828732348,0.5001947453656902,3
0.7320182858659492,0.9393987103508484,3
0.942799785137494,0.816558954568202,1
0.7353254191718217,0.547204108655892,3
0.8570293737234931,0.8131624562452662,1
0.9260460069525966,0.8862959430423248,1
0.9720279574679824,0.7413335195440216,1
0.6757227899291157,0.7907764028222337,1
0.7005174702973787,0.6125207091466941,3
0.65522345861296,0.7932111390902654,1
0.933277034140651,0.5084311949935462,3
0.8533891365283534,0.6187292203883673,1
0.8787478417584176,0.5190260334901257,1
0.8706595240578756,0.4828036712811504,2
0.8204560558201096,0.6734080251915556,1
0.6471425862733785,0.7774286144476343,1
0.575449838408524,0.5739864366677065,3
0.7419442204600767,0.5953516120700783,3
0.6328321184519262,0.501127475579639,1
0.5541440550136345,0.95640251850894,3
0.8612303573958314,0.5519230470479899,1
0.8950894389754349,0.981169458668754,1
0.6820492696215701,0.6538503782601488,3
0.8632813687821211,0.5955579444885077,1
0.7134088989709729,0.8325491688773465,1
0.9193757903111056,0.7684860514138282,1
0.7049632783846415,0.5072616423034773,0
0.8177290210705046,0.8142792237501341,1
0.8310118832938787,0.540308199895032,1
0.8084939691462854,0.6750305801840945,1
0.6368535145962749,0.8811566017086728,1
0.9552728663086116,0.6885324532904253,1
0.8681849812408164,0.5214117124765262,1
0.7545586873945644,0.5073961179975403,3
0.795433952929188,0.7118696424630254,1
0.8748113272117859,0.6982447182407557,1
0.9662635012182544,0.5731762279972272,1
0.7708358270317902,0.6110399154112591,1
0.6533208626657869,0.4929475563966204,1
0.9359540770164548,0.5574694535886583,1
0.5950766454262938,0.5985973224482966,3
0.8651342025182982,0.9739274984747152,1
0.5777233348858747,0.5314679448853471,0
0.6953386551605613,0.9163446805041412,3
0.6584787320281809,0.8788550422345944,1
0.558035528643068,0.5850572435231062,3
0.6624160918460857,0.9973255378688692,3
0.7997630019072912,0.5114023534157711,1
0.864221668765206,0.6153653202172606,1
0.5352750700224616,0.790856149705937,3
0.80278583770905,0.8061591088507736,1
0.688029112181866,0.8626212849408996,1
0.7431459715747311,0.7306807940692864,1
0.7131687096687754,0.9294323951384884,3
0.9269835912932864,0.4952979777866185,3
0.5925837212087168,0.9333553608417784,3
0.6227325376042981,0.6486604385621728,3
0.5178433310374337,0.7055126068539869,3
0.6701532801991781,0.7893741343785352,1
0.5777087204537639,0.5214094670725435,0
0.603526423885504,0.7968670870190172,1
0.863564748465686,0.8243242380206612,1
0.7989500222294594,0.8819640629660359,1
0.6402027850473736,0.9036154843276528,1
0.7979556225046733,0.7724607044877116,1
0.8244791290974622,0.7348592978020754,1
0.8687911542043065,0.5541988935173905,1
0.7817470086306735,0.771428691396634,1
0.6901018051142128,0.6749736061425711,1
0.8163857219811018,0.52473007954605,1
0.9296735636241148,0.7793023643450198,1
0.6230696969061377,0.553353679218983,0
0.8863779036985111,0.8051475005747059,1
0.983260128748329,0.9842671396552636,1
0.8632927838188681,0.9899649931358532,1
0.791700799507445,0.5691501563314026,3
0.8420516929304822,0.9628480482710312,1
0.6258394949688945,0.9415578947587588,3
0.952979397762912,0.8077579393060053,1
0.7224456341069666,0.7304472668649767,1
0.824391838346143,0.6505153027635229,1
0.6339513468602841,0.5817114449673829,0
0.5298174107819369,0.8651881839046771,3
0.7427032261319984,0.6978240884148963,1
0.8475290981293775,0.5789063273677637,1
0.920765419638908,0.7002308365098466,1
0.7987367115325733,0.7916429301462055,1
0.6548620580570772,0.6414602757717497,3
0.5550317935896798,0.5192564002153113,0
0.7451911395444166,0.7982807740043238,1
0.4705114333612734,0.1282223651429733,1
0.4105517438172951,0.3240565171570732,2
0.256656826906641,0.2288254582492898,2
0.3094826054289487,0.2961093292411219,2
0.133414985596687,0.4974974198570512,0
0.2647766559187345,0.3357757253603473,2
0.2047648745271306,0.0845186314257481,2
0.2896267720988896,0.1493422806377977,2
0.0653204978075914,0.2987342606893347,2
0.0013536408379559,0.5009647463845561,1
0.1569179068015975,0.3501499046917815,2
0.2548139888461149,0.4437576497258583,1
0.4610334749674253,0.0312035012768983,1
0.145532825859773,0.4294343968262055,2
0.0623365598545241,0.1121147025386674,1
0.0068155214444781,0.1368327956043281,1
0.5004829403984654,0.2045992216773768,2
0.4622607497582116,0.3167396116989085,2
0.3629060634354676,0.4057937753510954,2
0.2829542954623923,0.2037208325625507,2
0.2250620505247363,0.2971476370783948,2
0.4638425154007662,0.4938337665820914,0
0.4708290901643082,0.3943757765281914,1
0.1000338690754464,0.0798573806122273,2
0.3074175276037845,0.4047353266302501,2
0.2197756405243671,0.2945476742514297,2
0.1798969602299234,0.2404881064381012,2
0.2865191495738832,0.3962033936966627,2
0.3647994811907061,0.4650165245281554,0
0.2526023425279746,0.4935258088704479,0
0.4056347491516312,0.2646532034634967,2
0.4779631825787377,0.3849046487623335,1
0.3653170039232539,0.2988362660512811,2
0.1096913953507252,0.4106080677185334,2
0.1415555161970518,0.1081514788472025,2
0.2927833741427736,0.1707412986642283,2
0.4801266958245617,0.2714675634786139,2
0.0989141738828321,0.3820441551690636,2
0.4170973104707919,0.2725413679077698,2
0.3356267001735843,0.1217141115158464,2
0.2916297164786114,0.4197988919394632,1
0.2558495199938194,0.2118728239893195,2
0.3752020067542874,0.3574827636752865,2
0.0495487959194873,0.3704572520414334,2
0.2789828530912717,0.4293806938996878,1
0.2134731077936199,0.2307087570021383,2
0.2239971758359143,0.3633047705281014,2
0.2295596826052229,0.0892516742209057,2
0.4982142664195165,0.3603208308796791,1
0.4855969218281795,0.1324266618068915,1
0.080906641111298,0.1848335588813854,2
0.3363879726275183,0.1520708815615796,2
0.2122542587638061,0.0021236465286155,2
0.2335494704196126,0.2366499999881975,2
0.2587455353994727,0.0834017951655442,2
0.2859306519616521,0.4959358329701132,0
0.010590095111734,0.4977746277245902,1
0.3845026357623764,0.4593300701331939,0
0.3329837697817004,0.0771262868178309,2
0.2135866728481752,0.4969455798175994,0
0.2971441020232591,0.4738853366327895,0
0.2959902131679289,0.0011773794279197,2
0.1554031493229675,0.120018015291431,2
0.3282197869332599,0.4439351908434127,0
0.0948516958088802,0.023341231596055,2
0.2961143402164096,0.0338259298526339,2
0.1838727387373815,0.479644863441487,1
0.1103745791300331,0.2881865196683337,2
0.1546774719813228,0.1645908456246625,2
0.1899121621278132,0.3038521563800317,2
0.4471147327059531,0.4548113106437121,0
0.4535609846538211,0.0354161780472662,1
0.1911432602263919,0.0902909942888509,2
0.2908701732202441,0.1294922812867907,2
0.3013374316895474,0.1060051813595355,2
0.4065005179653989,0.3051887597773645,2
0.3099490156495608,0.4700402073870731,0
0.2262371284725232,0.4179122709624684,2
0.2314411298061878,0.3373309685755344,2
0.3134346021134019,0.3765340699164795,2
0.4986049324464198,0.4388296115953722,1
0.500946775762002,0.392670301881575,1
0.2306679466592083,0.3046068261351315,2
0.1037297852409596,0.1840785231603846,2
0.2538806983761265,0.2958033233075029,2
0.2171161482315665,0.3325846231766067,2
0.2835094178850421,0.0212740857594866,2
0.0567100559837826,0.2694293083056874,2
0.1929037657352562,0.4802981515857337,1
0.0344683495652277,0.2069136637406086,1
0.2057524507601384,0.320137617944382,2
0.4847967813956889,0.0588856807618231,0
0.3584226826534602,0.2999692497170182,2
0.1169905535585685,0.4206996700642099,2
0.2307143817169589,0.2167335844956799,2
0.1065969966345646,0.1850945756076519,2
0.2619102891863639,0.1820933931373261,2
0.2221301820982828,0.2345304143094406,2
0.3456768372941335,0.0636195547900899,2
0.0921363610182135,0.2144509845980619,2
0.3665685651832056,0.4876411173330256,0
0.1300041396497406,0.2380678192125533,2
0.2546916489649258,0.3540638773923148,2
0.0095577004533198,0.4872317715685914,1
0.3718278726484448,0.1609294325915762,2
0.2082496364312472,0.4280097403316197,2
0.1559276720918059,0.4287790963080554,2
0.0348006283522226,0.0699014117338435,1
0.1120979328502139,0.4315361302660359,2
0.1356955666130656,0.1380338603862895,2
0.4432468779740902,0.0538929480583387,1
0.0651235246962652,0.1286962502757113,1
0.0143032574039195,0.2749002543178273,2
0.5057077888562712,0.4057019788072682,1
0.0568444071936392,0.3790701022996824,2
0.3239542280410357,0.2836647351718281,2
0.319472810762019,0.2172452460439973,2
0.0054711209133787,0.0345522943076713,1
0.0445923516791416,0.2701424627522435,2
0.1950985651957827,0.4312377769592282,2
0.4921379282831051,0.3648425759476374,1
0.4862857457826947,0.1167957783671518,1
0.1628004067807291,0.2199417866780015,2
0.221902178408791,0.2216213502953374,2
0.4454120965676686,0.0491975536977582,1
0.4487300407355857,0.2467254936760493,2
0.2857262410179214,0.2955759205676559,2
0.4037004478979755,0.3716620841713713,2
0.2880865022189659,0.2991305542126591,2
0.0878926060054886,0.014078571171375,2
0.0759047892327727,0.4231218911463641,2
0.3702119468931791,0.395051819586579,2
0.310023470481556,0.1251413534982066,2
0.4567536239129056,0.0385095404974851,1
0.4320161000121395,0.330474622049395,2
0.1129177276493703,0.3344697024041112,2
0.4322206359839405,0.2921385248527437,2
0.2544801029924871,0.454675340710302,1
0.1350965869910391,0.4895949881645034,0
0.19332356949966,0.4836419096513182,1
0.1612514211520562,0.4742832825536143,1
0.2455408131074763,0.4489950231088868,1
0.0514250416700157,0.167501573226893,1
0.4579214295570576,0.4683091055632238,0
0.1247367368936431,0.0851341981225755,2
0.3438570933579078,0.3785407173157773,2
0.4752695013757159,0.158335918633492,2
0.0988912260026639,0.3623738271715117,2
0.4891978414286749,0.4571106070969819,1
0.3664651326636924,0.2977013831936758,2
0.3965916141409754,0.0208983250753566,2
0.4125826848812253,0.2172009737523985,2
0.1981271155387043,0.484588687285763,1
0.2210092822825979,0.3518416139569669,2
0.4659908590590854,0.3740042772285558,1
0.0735422614314199,0.016606211072786,2
0.087142493521506,0.4917126784624274,1
0.1924454624906202,0.4993427518776531,0
0.2159626109782338,0.306850181059267,2
0.1728747003997566,0.0542883967950301,2
0.1652349468119752,0.3788502578917635,2
0.3103506257107563,0.1915661302910712,2
0.1469956845048833,0.3992460401844202,2
0.4977743632747828,0.3606366097885178,1
0.2755484136653584,0.0289590622549953,2
0.45516810263776,0.3813337705857554,1
0.1442822973913178,0.4338130524501099,2
0.0646705287419874,0.0296899654961461,2
0.4963345123199765,0.2531515142578669,2
0.4908589956143013,0.1035655134029732,0
0.4847600903911022,0.3688166234308998,1
0.2991678448027929,0.3023451612038207,2
0.0060013729965158,0.416446652339917,2
0.4692830526761745,0.1946086748120206,2
0.2287089244380924,0.0203312150822045,2
0.4573908039344975,0.0793622954813481,0
0.0883521518359907,0.3764065249691456,2
0.453204858561276,0.1844210655731978,2
0.1216501214378362,0.5138114116055035,0
0.2431914499913176,0.3908308109163722,2
0.2781267135833778,0.2163707132795794,2
0.2411175394331026,0.3643888327695901,2
0.3919121706850963,0.1628440263008346,2
0.3599347599087795,0.2516339333386775,2
0.4014439870863396,0.1310999365276079,2
0.3265352211445376,0.469711871167682,0
0.4276283382109257,0.0062359764887264,1
0.3118669598509542,0.4424097188546942,1
0.0521892530879211,0.5024217439039861,1
0.2859972301120698,0.0301287450648557,2
0.208354315950907,0.2516527228356013,2
0.4190419664417956,0.0832818112696326,2
0.1885108645094473,0.3872337299174502,2
0.2966115465780536,0.4321458993258742,1
0.1129282655271058,0.2953650078733799,2
0.3925382070716405,0.3115094125430335,2
0.027031149643797,0.1088264755096473,1
0.1998688704589414,0.1756876649722094,2
0.1063741422547995,0.0546697215818603,2
0.0312918501837896,0.4824933940203182,1
0.3399885526471577,0.2955640400883961,2
0.0122933947361086,0.1615728325472134,1
0.176157775564564,0.1994794200128592,2
0.031948974041306,0.4273402750919052,2
0.1817910300717442,0.4777387254579909,1
0.0171422775459983,0.4106696235770843,2
0.0902004278063238,0.4818523930489238,1
0.2504370540498524,0.1697743309773247,2
0.4346823582139784,0.4860167397104392,0
0.4368183016851149,0.1646131391725032,2
0.4116978917465067,0.0836990477522571,2
0.0927214611357426,0.4537028976179869,2
0.2253653639516795,0.5065601452202305,0
0.4183034996766231,0.1441977535005109,2
0.1194247434019583,0.2711505699394073,2
0.0539020644289597,0.2792972479485345,2
0.0884027580880689,0.3230417163198817,2
0.0676617917674055,0.3645072035028883,2
0.1013536232575064,0.3270614775556574,2
0.4378704869712732,0.182015210259964,2
0.3542741180016989,0.3493576222330347,2
0.1319758816336891,0.419708122714866,2
0.0403330435222651,0.3266870646871465,2
0.3247875093573615,0.2479390748176109,2
0.0877251865931957,0.0633551099180388,2
0.142892361760662,0.0461280145856959,2
0.461187240020712,0.3624894397370471,1
0.2415107635516195,0.3975944078927841,2
0.4937524683962058,0.0873154534765319,0
0.3097642379302789,0.0873359252054296,2
0.2834231674500969,0.0111414003004651,2
0.3068396162653238,0.0626031674636842,2
0.1580229973136606,0.0612334906001393,2
0.3177686354266971,0.147514793731729,2
0.4854736340809275,0.2375866390602835,2
0.2937882605693619,0.3358362674061662,2
0.3745613837768818,0.2718975070836834,2
0.0006496754952275,0.3733660315504955,2
0.0914036695274229,0.2986888607018302,2
0.1738171253532938,0.2035197911822888,2
0.1091771302186547,0.4979310808635074,1
0.1070427362660788,0.4378792377353238,2
0.3571623366606646,0.0867826081444368,2
0.15968419664982,0.1826005919998647,2
0.3027046543145943,0.0126775002029753,2
0.4055954438268697,0.1435898187612259,2
0.3301572864683546,0.308974272496512,2
0.1299359735901606,0.4362487605516392,2
0.2536498858514012,0.4239503900224991,1
0.4017645101480096,0.4449322213513417,0
0.4538096310692823,0.2022818120181693,2
0.012636758371413,0.4721892513722606,1
0.1275750047551986,0.0146029410615461,2
0.4636694669285345,0.1115448174259682,1
0.1333421189499689,0.3039710263056782,2
0.0001562139682677,0.0732950096373211,1
0.0317501034603715,0.5053408460123776,1
0.3569101584178604,0.0078273038801353,2
0.4255415444211695,0.0441896972426196,1
0.1630991929363177,0.4677000362296,1
0.0065350949512393,0.0442151163181534,1
0.0879418124694501,0.0633462166900336,2
0.0535169668332115,0.2447930529544261,2
0.1008284648647519,0.0988636515683687,1
0.4828250499896855,0.2826936262623858,2
0.1212904012153045,0.1724616932429822,2
0.184845445445674,0.4506766350730656,2
0.0551950558120281,0.2812237984029589,2
0.3345108964649058,0.1415710067048631,2
0.003307795391199,0.1854515923185808,1
0.0061626821755845,0.3253489577352337,2
0.4999664607735998,0.4244221470052137,1
0.0111974519780645,0.5000493221611398,1
0.1695574954510377,0.1310900089763,2
0.4806043077243692,0.2269936148022955,2
0.0826004915384555,0.122232062272238,1
0.3159119925969584,0.0502723720088982,2
0.1459211762918864,0.0434045055830734,2
0.4986634456971673,0.1738153507271979,2
0.4071741046694231,0.2604961921568735,2
0.162481749631935,0.2475705875875028,2
0.3295344508097566,0.0785991589975818,2
0.3803300911032117,0.2829952552822139,2
0.2530079114402043,0.0169847799261523,2
0.3875841953957124,0.1458944020931452,2
0.2748179981864337,0.0612084337461477,2
0.2170473997587579,0.4611585097151536,1
0.0409898700886043,0.3406181244163165,2
0.3444135657575907,0.2562022285482508,2
0.0589135409954997,0.4544058804743757,2
0.0561759611728945,0.4896786537091045,2
0.1253951084658885,0.4168880137615848,2
0.3248521209312961,0.2117941140619162,2
0.240421451743937,0.2892747534917479,2
0.1029816450170485,0.2119167708302822,2
0.4588732976626875,0.1320193680762452,1
0.1609360366282005,0.5112196023626282,3
0.1917840777041199,0.0876679916255301,2
0.2985927974562625,0.4485731369412328,1
0.4334333142834937,0.3702959106734872,1
0.2962113697430071,0.4438056366552497,1
0.3724886076270295,0.3267694444112666,2
0.1661743853089257,0.1536733671573046,2
0.0404645779230701,0.3400176952668178,2
0.0891349458147429,0.2751856667842621,2
0.1150669857422346,0.3458522598746558,2
0.0834670258187519,0.1002388542971471,1
0.4570208230665664,0.0671727912521532,1
0.2785396805550668,0.4265351596321339,1
0.075970317362384,0.4462647068515838,2
0.3168837062986734,0.0708790234836685,2
0.36572853022395,0.0968141566327158,2
0.0726305714106342,0.3740662691364754,2
0.3369303142269513,0.333271779022241,2
0.0814385469950437,0.5025574145148991,1
0.4233222277144036,0.2320122384631852,2
0.0840573991423413,0.0678389236244789,2
0.2988027179960489,0.3061137531510691,2
0.3025557722791585,0.5055393892005364,0
0.3663280097476107,0.2920472023207073,2
0.3982285508798325,0.0660874788907153,2
0.1477156843431949,0.500126018114371,0
0.29968845443505,0.4310932635387902,1
0.1539586541156901,0.2221979852193348,2
0.4984367178295694,0.4517447831955805,1
0.0043303688791881,0.3858964757388188,2
0.4470577305369222,0.1319214728113397,2
0.3255338297302004,0.0410022266639737,2
0.1202291518060365,0.2080495278670256,2
0.3702929054456347,0.1560805271207214,2
0.0028913344973013,0.2675971095978329,1
0.1760760259574186,0.0246493176068587,2
0.2861771377818666,0.1635250509327864,2
0.4099803639345707,0.4426642031714091,0
0.438141617726645,0.262416478181751,2
0.2522764401159686,0.4633861074796468,0
0.1324219685990657,0.0960474610608547,2
0.2621494519265991,0.3059149119036491,2
0.1350674627320358,0.4055155519516226,2
0.2207465295742956,0.4006525295030284,2
0.1260199181760326,0.0228974842194212,2
0.308159347036429,0.3699562155342701,2
0.005843310095299,0.2258434973384302,1
0.2879304160543348,0.256445903402251,2
0.1639482661779583,0.0578845494851969,2
0.1075174686384058,0.0078442471068942,2
0.2903872756448418,0.5048771559415668,0
0.3577850813115895,0.4718069542487998,0
0.1148878086500071,0.326244760590296,2
0.0025594681628143,0.4182510561530164,2
0.0945804365207437,0.1627431909567573,2
0.2764268547376927,0.2229534696113986,2
0.3682862603870499,0.3332295968725454,2
0.0950774025528257,0.3871878355917446,2
0.4157549907160595,0.0895929254323301,2
0.4972794960830757,0.1515191608196096,2
0.0562832114201214,0.2954177985862734,2
0.3349731124731501,0.1770042342388695,2
0.178445550382563,0.0770488978442176,2
0.0597705508553493,0.0411623706987613,1
0.0784049646058901,0.4145539763538851,2
0.3837256179529085,0.3736977303182285,2
0.0887471002195255,0.1723988883035186,2
0.1510887241908167,0.1859057894653143,2
0.1621083398116721,0.3202197636339435,2
0.1247482701017869,0.4951124663578709,0
0.1816142133688761,0.1326759387296077,2
0.0938337015197503,0.1815672408700782,2
0.471663840337613,0.2654036118523929,2
0.0571571418386279,0.2599972150773436,2
0.1686281291393606,0.3312449813596557,2
0.1865150507441795,0.3055969997345935,2
0.0063340128636515,0.0464756432603364,1
0.3669841730232024,0.1966856830319195,2
0.4871244591324882,0.0824990335129337,0
0.2537498831523437,0.0271632032007239,2
0.3017492175111442,0.2384986320803169,2
0.2331473237667861,0.4053348859194383,2
0.1751440535409886,0.2382255687588017,2
0.4830346091662254,0.4261697550703589,1
0.0795310915298597,0.1330765794776119,1
0.1708405171848547,0.3371729593429224,2
0.4324776296444025,0.2548814858049267,2
0.4166020691219843,0.1964049339226727,2
0.2599059483222289,0.2719272414890176,2
0.0333840900678172,0.4759578490566438,2
0.3943926080271642,0.3249813178486559,2
0.4184614083049003,0.4933568131361348,0
0.0640996869007792,0.0511424221269228,1
0.2983748826751127,0.1093561662418676,2
0.1021565439477212,0.0142886158430997,2
0.0105751132383374,0.3797059719477655,2
0.3046313388525274,0.0852926121864571,2
0.4987702937987995,0.3199288601320504,1
0.207135053744485,0.3416827148787882,2
0.2234497488075549,0.1333180067599041,2
0.4847076308883526,0.3393017457200195,1
0.4889476304700166,0.2817675335648497,2
0.228322739827061,0.0151402294517341,2
0.0994147340993371,0.4046751840891511,2
0.3168330736372297,0.2553259128285141,2
0.0950439370512878,0.4850391117640987,1
0.0810815647192583,0.0261957462488064,2
0.360505209447671,0.0111065414991136,2
0.250088789662251,0.4635930579049895,0
0.4773874513524571,0.1616521886007186,2
0.2018767782690931,0.4707424983001343,1
0.2644445747919238,0.0412509199038955,2
0.0815655917999793,0.4524427079307512,2
0.0620523858103726,0.0821883141345989,1
0.2847458551589112,0.243794946575057,2
0.2242158806617955,0.4034879095426694,2
0.0900270178309694,0.1222576708564523,1
0.0601144754335681,0.0300217417371427,2
0.2595966368198582,0.4381591804681817,1
0.1221645788016825,0.2649191140459671,2
0.4118978768889374,0.1297696483304268,2
0.2330082136117987,0.2115569312381818,2
0.4946808195445816,0.245906775183557,2
0.1198805268404801,0.0981001911316677,2
0.0017919794603845,0.484758998952904,1
0.4711425378103263,0.0722174154424489,0
0.0168312327644338,0.4398453676120306,2
0.2038210003286397,0.4926546067095581,0
0.1948602252295498,0.3405083702639914,2
0.1014310456581516,0.4769443462567133,1
0.1789375737971913,0.1194348556690363,2
0.1944076510519806,0.3701369330321943,2
0.0176443425455012,0.419599636519493,2
0.3199380727514598,0.3555980371963654,2
0.1661057661164293,0.0944210391630768,2
0.2344693980687944,0.3037222638280167,2
0.4622408759892488,0.2946770945553568,2
0.3894500723683151,0.0745119219447925,2
0.25671301518201,0.0396329146371415,2
0.072039264936781,0.1607073502294826,1
0.3505415799416768,0.0795007494219469,2
0.365173046914415,0.0942239420235078,2
0.0680711265610444,0.3478871539234656,2
0.1078380101308448,0.4571364599055062,2
0.2084403773393196,0.2214960026631258,2
0.1217690620185527,0.2270714286554042,2
0.2913007298492368,0.249704171712776,2
0.2840075482775109,0.4138722298405002,1
0.0094003865291963,0.3776592942137098,2
0.4870069317720804,0.3379288275560047,2
0.456962777986216,0.0219489902982641,1
0.3058268121433102,0.1572465293395442,2
0.063114025504508,0.2580977725106023,2
0.3542998491545196,0.0678932852171287,2
0.3054405781089617,0.4359905820720741,1
0.4157330202590318,0.2142536800310045,2
0.2124568009607709,0.064793368967274,2
0.3837583148349427,0.2287945141232796,2
0.1287538427424358,0.5077231297353724,0
0.3137010705041309,0.4000135415009629,2
0.4829430304501038,0.2553838675712436,2
0.154837128059844,0.2871530960768806,2
0.0840874159238337,0.1730175960827898,2
0.4938507693523186,0.071824853359553,0
0.4270895920203672,0.4464281487854399,0
0.4575495722244305,0.1632676901579492,2
0.0450209752943214,0.0867351942271271,1
0.0259042814701472,0.3639974035389389,2
0.1932698995737969,0.1847470651172841,2
0.3701976339148769,0.2670544866241577,2
0.2622515847595973,0.3367070730306194,2
0.2575662364790303,0.5061308795647195,0
0.2893915589627889,0.0018664984352479,2
0.0940339672787001,0.3889954709041474,2
0.2020144803171015,0.1176898474449636,2
0.4836830365603238,0.217436409720093,2
0.4575026552453812,0.1311581069114019,1
0.1314694055113678,0.3116691345300391,2
0.0850662917371203,0.2374577323648156,2
0.4192065522048662,0.3449478352619688,2
0.3950062132930688,0.0875048540580967,2
0.4384450169113926,0.1166874220048008,2
0.136448269995971,0.4824925256233995,0
0.0289202741909887,0.4032059210782229,2
0.3453028663932033,0.0029632568532974,2
0.4582687997816461,0.4012601702610743,1
0.3945736819955612,0.0315664282301519,2
0.483967053696264,0.4064864092526687,1
0.2366030794292327,0.3743585930980881,2
0.4074543208175062,0.4854533611758441,0
0.1181818699907859,0.0519978334886025,2
0.1299404147448956,0.0477586500619039,2
0.3682671874605943,0.1754013764737583,2
0.5037844651239627,0.2560258083070998,2
0.3905917278330807,0.266532632882294,2
0.3989584981790122,0.3122119213945641,2
0.1882718854034952,0.082848901072062,2
0.1773013101167342,0.3266836708614895,2
0.1314340989574847,0.0039252774020602,2
0.0977713005188642,0.0826303845767303,2
0.0113593760342985,0.0777752144700199,1
0.3266665575744655,0.3375584811071672,2
0.2648209273843799,0.0611369383934017,2
0.3073410288860997,0.3884893949226006,2
0.09760572242775,0.2144266155337537,2
0.2640910761002008,0.4898736804188131,0
0.2503126266017521,0.4381476460010867,1
0.2641167953730483,0.237267624255024,2
0.3081835715333263,0.0586344919595337,2
0.3332576102577554,0.162079788444262,2
0.4582609441146207,0.3351698098113608,1
0.2673200445327953,0.1959133862543011,2
0.3375992823139837,0.9098503436561828,3
0.4169387009892514,0.7447914893665369,3
0.1817738510586268,0.9704737409970297,3
0.096943001574186,0.5924202268132566,3
0.2062540093792604,0.952746990147087,3
0.3758653919215154,0.9553238531869492,3
0.1795567158418681,0.6900687764422396,3
0.2851984894661187,0.8908215240636588,3
0.0225442761208921,0.6314116699678538,0
0.1755707432843497,0.9668273523200822,3
0.3825996187477679,0.6321490418836468,3
0.367891264701228,0.5954246839949355,0
0.2551929939048917,0.888560344750654,3
0.2653799102633017,0.7892562469308433,3
0.3016079260817563,0.975870823871501,3
0.4935587730567373,0.7032373063591516,3
0.2785776606422923,0.7927034335882759,3
0.4576447544164446,0.6369280885830808,3
0.0019094294085197,0.7098274154292619,1
0.1594173366867541,0.5282265468897044,3
0.3840532287161474,0.6009216946272282,0
0.0378723461183825,0.7045536352290213,1
0.3547624275848693,0.5404042673865688,0
0.0529952561230239,0.7983935850910956,3
0.3276502349741477,0.7499090262329021,3
0.2897813608722603,0.8499934753694837,3
0.2425572938081025,0.6916480497974704,3
0.113847920135063,0.6848810634614817,3
0.1247033931213963,0.6552558430314809,3
0.3367864932584428,0.8761404638830675,3
0.4184939229324255,0.9565347824814672,3
0.2160225772533377,0.810461568057103,3
0.5055835530286172,0.7379914071619736,3
0.3356755415282108,0.856362510388659,3
0.1524113366082842,0.9569165845025022,3
0.1622214022674221,0.7384356122164486,3
0.4321592576420883,0.8917301034524636,3
0.0611965848885596,0.8665136821725652,3
0.2043085411953079,0.8175086709102398,3
0.1785751536324437,0.5679542695570006,1
0.2003917877932697,0.8250281879776431,3
0.0849590166577691,0.6488557086660871,3
0.3337315367652856,0.7781265250567135,3
0.3112976967091256,0.974690874843686,3
0.0969570701743747,0.548399976541108,0
0.4515894577479724,0.6202824473946237,3
0.383239143309742,0.634229741668389,3
0.0410168887476231,0.7512835432356402,1
0.3564905047400327,0.6153319279616479,0
0.2756938884837141,0.5462784484053612,0
0.2745905492580404,0.553222143355259,0
0.3385597550603679,0.589066854073293,0
0.2863244331256454,0.6478147364374471,3
0.343061402875116,0.8675139379335499,3
0.1928031447548853,0.9352934505875456,3
0.4085047422078768,0.5722590432897138,3
0.1542337817269671,0.9436310563272442,3
0.0179989215804753,0.8347985641325997,3
0.2361813890103062,0.5983079946245545,3
0.4874390624285253,0.8095488693644076,3
0.2735220808430141,0.8579701008774123,3
0.429853752621014,0.8551858655330241,3
0.2075231068655429,0.9102767397386908,3
0.0544997603700563,0.5507822964258839,1
0.2249611487115761,0.8249347120147287,3
0.2874711310931608,0.6503597022823698,3
0.4071073290961391,0.864366659858141,3
0.2974987697580821,0.9628337863045848,3
0.3970030690873214,0.8953725554395092,3
0.303435539538745,0.7963439344005981,3
0.4177784913401393,0.8725223932169267,3
0.467880442142401,0.5050546352442207,0
0.3528337721816523,0.8294678709213827,3
0.5004504897703244,0.8378970160752062,3
0.105432259444501,0.6629302426806543,3
0.4936547258522176,0.6084042237563277,3
0.3536137442648153,0.9087290919689652,3
0.4573226924603844,0.7833987540051848,3
0.186265164417316,0.8374698871306536,3
0.1715809763781732,0.994293432298346,3
0.0641464375714057,0.8020942189071004,3
0.4560549445341197,0.931263066200723,3
0.1181723075249223,0.70573848785937,3
0.4989281949035141,0.7560234378814403,3
0.2300838074319285,0.6239498477897407,3
0.1392329345247712,0.7917411242841556,3
0.4152862335863087,0.7685513358692756,3
0.4500209893028982,0.9767574217724648,3
0.4446128058863515,0.8301784330363624,3
0.033921612258378,0.9925012741731826,3
0.3308222634946876,0.6026676973446863,0
0.2165051432419105,0.7639883034733922,3
0.3109954888068406,0.6592394772307747,3
0.1916921604180548,0.7513127939783762,3
0.3653854347179075,0.7372825556579944,3
0.4366695056929555,0.939087816888663,3
0.0306995983478494,0.740453014174653,1
0.3122907111204099,0.8556605357929159,3
0.109486036137703,0.9330919570251378,3
0.4287893748224287,0.939720939771622,3
0.5122023631099134,0.7931511726884646,3
0.4077049309341137,0.654182204632,3
0.2469260813993509,0.8021340799171783,3
0.2614113082332404,0.9784356226844046,3
0.1929707584097941,0.5361129409256488,3
0.0961783483459282,0.6718783906009312,3
0.222170908732742,0.7811508584163247,3
0.2674134815192179,0.5151123025997656,0
0.1409292832804908,0.5844185357762505,1
0.0165291651926569,0.5725258641266746,1
0.3256189043705368,0.9625988240379773,3
0.3019723714791059,0.6914172892447654,3
0.4872382440393289,0.9723997539169916,3
0.2571467902434354,0.6049475141984451,3
0.3596799106127277,0.7303323469525894,3
0.3111350996123273,0.9885353155577764,3
0.4945886742308832,0.8127876312011126,3
0.4356571032358447,0.7749408385568527,3
0.1857088167716374,0.955113206971548,3
0.1291887526377243,0.8842231309023804,3
0.2467484554894525,0.8795191000414609,3
0.0489873132915488,0.6506809133492348,3
0.0828089212906406,0.634481071918629,3
0.1820199262156326,0.9659620510390354,3
0.2721409914304312,0.6098497816912392,3
0.0497234087777108,0.9733337846592914,3
0.4082084626048994,0.5348356371441673,0
0.4311467748026373,0.886647494453614,3
0.0977669173305435,0.7730387975676011,3
0.0656844194577147,0.8231590550101782,3
0.2386005932955255,0.8883893332874276,3
0.0244731722267129,0.67903182163334,1
0.2106046350227546,0.8998281939492652,3
0.0308689250401732,0.9987810953731912,3
0.2119906852348404,0.8234233909718015,3
0.3178347861245082,0.9387817981751252,3
0.0229945704911969,0.5671467031959705,1
0.0625915339731751,0.6377603586854623,3
0.0444538284890477,0.913085885983226,3
0.383696497056858,0.8616121304417406,3
0.0219209263266354,0.5878206225248493,0
0.5021521684327958,0.6700865700062575,3
0.4084441423908841,0.5261245976762348,0
0.1628318126113545,0.9391814165383754,3
0.3349751728388618,0.9261533897615316,3
0.3419019967319651,0.6621148810605446,3
0.3876041658044507,0.6088019126720084,3
0.2110410939483036,0.7631665107629453,3
0.3827481772555288,0.6315250029779984,3
0.010012929783047,0.5805097965556152,0
0.3297147801635497,0.8998077293155141,3
0.431108289248691,0.8894888077261801,3
0.0753556693780347,0.8790437622442893,3
0.4998848741533528,0.6681169793605667,3
0.023772372504306,0.721283408087677,1
0.4594149858007328,0.6373864800623995,3
0.4802704374071873,0.8362552642946375,3
0.088754947676419,0.9778887053809604,3
0.1638989437376151,0.8004074389327276,3
0.4576617343741109,0.5688161767296327,3
0.3612489826216523,0.8066567071998276,3
0.2223521667891945,0.5377572729802075,3
0.5044013986002738,0.8154632846976215,3
0.1328263633335791,0.7057705907080968,3
0.4407110458325167,0.934925833025688,3
0.2702680128857546,0.7679538904367816,3
0.1096728211075894,0.562836315616342,3
0.3797136447047136,0.6517441185742155,3
0.4147191530405401,0.5980646167662593,3
0.5105537203692522,0.8635937400288234,3
0.186269167603449,0.5900831231168354,1
0.0431602259475947,0.971504848731768,3
0.1098745659488863,0.5385149409299068,0
0.4472294649960592,0.9053027683487482,3
0.2577227508260497,0.7036879125177186,3
0.4199440738335553,0.8984280155975464,3
0.0452894303590122,0.95304892635007,3
0.2034617097946655,0.6613913499815376,3
0.5212701514866483,0.9549969651325354,3
0.168368278628175,0.6709958236838821,3
0.2521322073021245,0.6183929955448805,3
0.3962756567135881,0.5285641812663221,0
0.0419114756779047,0.5427212740234435,1
0.1285204156301671,0.6509960023285032,3
0.3611960147589504,0.5840483259099353,0
0.2292499518468154,0.9551957486610596,3
0.3857716455963671,0.8389156657408501,3
0.3848720875832363,0.9397637499218852,3
0.1572255297534445,0.7015873428545137,3
0.2749010945324588,0.5794298298314151,3
0.1298035655991238,0.7286444714986079,3
0.4359418211821222,0.9664019368320302,3
0.2719043092773952,0.9677345429053424,3
0.2359500634713863,0.6126801278772664,3
0.27220860762428,0.6266468269433374,3
0.1972481436044705,0.6948372265538504,3
0.2451130882697754,0.6241235320174696,3
0.3676884618720969,0.5780190458796538,0
0.4197797754456392,0.8082500404192863,3
0.4774688700711567,0.7124985856921472,3
0.4221674192153065,0.9196632219301089,3
0.1539909413212756,0.8637867325902318,3
0.4889744934552464,0.6134000391817152,3
0.0233761010634805,0.6760107944585637,1
0.3380868683674,0.7465867985206379,3
0.5152707627714171,0.8899158598649239,3
0.0403366505566054,0.5658411825523796,1
0.3705776865028839,0.8542614191858495,3
0.3964113894952211,0.8962620137910113,3
0.2533092916705071,0.5197844786187416,0
0.2515440316949847,0.7930063227198848,3
0.4170705425786963,0.6826294000021993,3
0.0818233291585989,0.8324164886808968,3
0.1651092334044783,0.9255648624717344,3
0.0237933248102767,0.8655680298449577,3
0.4920445788295384,0.5504693015418131,0
0.3841889266359642,0.6265396364681285,3
0.4612302254367825,0.5989555338264186,3
0.1746476301839533,0.9167388554134864,3
0.0708488665966742,0.8981162800511953,3
0.1107576126030245,0.9927603901680976,3
0.4833066776746536,0.742830007057845,3
0.4573752924296643,0.836717996761199,3
0.0459124799012488,0.7961246914538403,3
0.0281554090967132,0.6921492948526482,1
0.246591756887902,0.5621024608431917,3
0.3266813421558656,0.956035486189806,3
0.0569003822228885,0.8662644974205892,3
0.3559085015163731,0.7212603576303797,3
0.5156602816117501,0.8375383533445427,3
0.1987495734522422,0.6924288399430732,3
0.3556321166581112,0.9120714061171532,3
0.3318139668190952,0.6701983065776713,3
0.107983789685113,0.870617981950012,3
0.1515657915544547,0.8559486493375066,3
0.1208388883643118,0.6993749488543011,3
0.3796485751908176,0.6380252979595792,3
0.4495769554437157,0.565429286672742,3
0.0310595135316275,0.733833979763286,1
0.4018038391198389,0.8411947999355284,3
0.4629006822012151,0.8739150081759729,3
0.4467029191426016,0.5731937853833987,3
0.5163212945162955,0.8450169877317986,3
0.3918606156299302,0.7137373114087134,3
0.0649562674765623,0.8176442191180245,3
0.3704171701765069,0.7960728203718969,3
0.1673316195500479,0.862041464118247,3
0.2477274991310004,0.6651321973987595,3
0.4788825531641854,0.6621143887962817,3
0.1132912544537906,0.5539030468566671,3
0.319432161195085,0.5288282838816822,0
0.4090177749105705,0.8392491550910853,3
0.3180330525933801,0.924621158164821,3
0.3781262250136658,0.5436265622249845,0
0.056717218335891,0.8991076991984484,3
0.2726301511341708,0.8603218769106792,3
0.2001208122327473,0.7461926216408878,3
0.036594905169332,0.5267349683836196,1
0.4789291859303987,0.8000659086755787,3
0.4719366750667126,0.7937742158329211,3
0.3670070468343585,0.8131077314695547,3
0.2342687885943339,0.9133986313863254,3
0.2784741406662842,0.5643446532343406,3
0.0539278451456292,0.7884137593324558,3
0.0357342319405954,0.6568202725223077,3
0.1874302876121099,0.8738085626293075,3
0.2157127686961515,0.6256651266993148,1
0.1231140903628225,0.6311395535969545,3
0.2634165587636139,0.8553403001679125,3
0.4837462884862538,0.9746735411025792,3
0.2166482266955811,0.8309075911459742,3
0.2054848391786126,0.7074263284055868,3
0.418940438641792,0.6210969176478163,3
0.4246223673485687,0.9026198721167484,3
0.381349845055557,0.9549334000597756,3
0.0968068827765016,0.6412834252619827,3
0.1695106192052898,0.548741238406541,1
0.3932154572728928,0.6400945735996636,3
0.3899118226290881,0.7110750718156892,3
0.5029877558732276,0.631093363155137,3
0.2881552378863909,0.98038119962575,3
0.2653169959252189,0.7018056477321675,3
0.4293160119109849,0.8451681894870288,3
0.3042561562126479,0.7998007251258676,3
0.1034706323799082,0.5920727606117471,3
0.5005213514297688,0.8804114509931994,3
0.2874939198086564,0.5326363969695829,0
0.052277377929457,0.9730099353719012,3
0.2693457416671211,0.6637955498195114,3
0.4647184562230408,0.6828427679534818,3
0.4641952826480252,0.5068675027693289,0
0.3129888875170834,0.7931739309613519,3
0.3173706457755419,0.7522839371484238,3
0.1703336861450591,0.7727674162644577,3
0.4033383966050907,0.8051226946082053,3
0.3512946829175175,0.7452850352581807,3
0.1325510080850587,0.9356528788791756,3
0.0210413823996515,0.8855826679205491,3
0.2546615481542909,0.7871935848969185,3
0.481321347971865,0.641146002577574,3
0.4888578895020495,0.5397557188518569,0
0.2771917799468877,0.751373673760147,3
0.2698585723128176,0.6825683310462743,3
0.2107339320182832,0.850849537415396,3
0.1670706732116823,0.9784248847013296,3
0.019251443239779,0.8302068250699621,3
0.0926970343222721,0.8974797738119242,3
0.1449005278204526,0.5725012896863985,1
0.2569006562295226,0.9464062759672642,3
0.4483748538500711,0.654612255548274,3
0.2753690697805141,0.7460262374059269,3
0.2088435224276148,0.7763436680253148,3
0.3743635786634524,0.8199113460842562,3
0.3115831871952721,0.647416288146344,3
0.4251479875405696,0.663872435725916,3
0.4438504736946425,0.9788303234640312,3
0.1323474126747413,0.6719305891714922,3
0.0028505163653701,0.6783574871546455,1
0.1758225864770471,0.9248357062450931,3
0.2831578256078529,0.586102711913906,3
0.3341796908624204,0.7197231674279532,3
0.0123466952000221,0.9762777510515462,3
0.1090144683847785,0.8523087670785598,3
0.0867158245771839,0.7987430928694889,3
0.0579395066981144,0.6312984972412058,3
0.2657398155608679,0.8789403872119527,3
0.5118000298235863,0.8089160054581899,3
0.1414420116420095,0.7818092688048287,3
0.262219459067355,0.7077632496349929,3
0.3313947303165675,0.759780837722007,3
0.399575946764685,0.6452135707415904,3
0.4053193972838492,0.8312788636888854,3
0.2761298012588572,0.5904659137661689,3
0.1882004402997197,0.8489038875019682,3
0.0424219915741902,0.8765560858827428,3
0.3057288070585273,0.721314371433058,3
0.405932358793045,0.5376029062198462,0
0.1222639216925141,0.6220361224779063,3
0.320104091928059,0.7894300336177372,3
0.4530514497495108,0.7751079239840883,3
0.4925932830154779,0.6624485709518988,3
0.257194710378794,0.9777896255321188,3
0.2751011037098315,0.7430866247322874,3
0.2120436277513075,0.6754974482071054,3
0.3565169626164706,0.6046407337817115,0
0.2878570435419831,0.9909175408953862,3
0.3904534713848259,0.8022255195472721,3
0.311101632345358,0.6397848032462892,3
0.3397262237993563,0.8014697997878155,3
0.2951995745728485,0.6314979533987812,3
0.0818118694881516,0.525482211469519,1
0.0711145705159493,0.7460710731694291,3
0.2275590768706878,0.5693614932516755,3
0.3177546782520682,0.9124618438930802,3
0.3464076156513708,0.7537758527140764,3
0.3646527912622714,0.6036007288513104,0
0.1102938201840288,0.7928901132982578,3
0.4358268929768841,0.9046478571374686,3
0.1265263568015973,0.9004319564280315,3
0.3826808898874489,0.8095010844950191,3
0.0628004285953158,0.9189528119534346,3
0.320060225321547,0.7804533671448464,3
0.0211337966917449,0.8132966819356489,3
0.0772451267581342,0.8595460699880229,3
0.0469402697256734,0.7742714043488471,3
0.0891491164603923,0.7099072649621814,1
0.38978874262105,0.9896996661029104,3
0.0450351019588259,0.8216259424204411,3
0.4199075150494443,0.5919992522706014,3
0.3394477879208495,0.9978437781563472,3
0.0505340220752871,0.9531859270712632,3
0.0931791140301434,0.8681403856932676,3
0.0838640500866659,0.8235789690094746,3
0.4240447728552929,0.6567566160660889,3
0.2619601991291127,0.7584413843266998,3
0.1230143254215951,0.656437426867336,3
0.4727478447585072,0.985625881565962,3
0.3161403988237156,0.965537907108054,3
0.2642365696949479,0.5302201246161814,0
0.162511671604529,0.6658305184020148,3
0.0620763471145066,0.6964584820751443,1
0.0506175853855747,0.6206257471366828,0
0.2851429368886282,0.675461792363629,3
0.1098979708189819,0.5350656250381216,0
0.415889929397036,0.5058659675318461,0
0.0437136940917043,0.8423964727416919,3
0.5039146629955222,0.8649349846874499,3
0.3488920550241344,0.8853375144130217,3
0.0609410120417835,0.6409465800434373,3
0.1882947125584109,0.7738096198984449,3
0.0521203892429718,0.907906506965869,3
0.3058716672254394,0.8967658740718268,3
0.1132081773407128,0.6044868189604765,3
0.4036518398419932,0.8040803029473665,3
0.0039465445967225,0.9820837794682462,3
0.3163584421607763,0.565789882327281,0
0.252669538060762,0.7535332610230708,3
0.4688817837439534,0.6543134691876187,3
0.3095349158975657,0.5810020726617783,0
0.3002441260550286,0.904893353432781,3
0.3493564960800451,0.7360030602836706,3
0.191970411744517,0.5445976213570084,3
0.4083348791860833,0.5929788636084841,3
0.009808605460485,0.992489195332427,3
0.2419369599013261,0.7083531316758878,3
0.3414150068272812,0.5881863885621076,0
0.0048712370172783,0.9792414725681576,3
0.0167924101288408,0.8674603098517281,3
0.2081132992523902,0.8626568998545586,3
0.4264084229753617,0.8167207385727319,3
0.1529079480308668,0.5519938070274952,1
0.1092661830735436,0.6006102978906174,3
0.0311501176545806,0.8023614321840276,3
0.1626221419343334,0.8650694414824861,3
0.4987616701438122,0.634754377300989,3
0.4327658493772512,0.5692865356271873,3
0.3105552096160862,0.6743461637105784,3
0.4596958014415452,0.6970589797501014,3
0.453072690099902,0.6622614790826831,3
0.0658319702893246,0.6514675310752087,3
0.1386474058201205,0.9818766918147698,3
0.3468529298178345,0.5552908601732797,0
0.2931873974493906,0.5378993032561815,0
0.411600875359548,0.7250925706435312,3
0.4859343634003671,0.8463271804291208,3
0.3888525003081817,0.5973324968668018,3
0.4974929236858467,0.6136594591646992,3
0.1125112249813563,0.700590087372523,3
0.4188977544727257,0.999992095926551,3
0.3591980316883514,0.8842595656613164,3
0.2257129029800585,0.7797869425957636,3
0.4696999815904932,0.8732105252326233,3
0.12069847565486,0.5312609924828315,0
0.0254296092716529,0.970472587921242,3
0.2848276666834521,0.563366287884012,0
0.4401389813582437,0.5239313302648755,0
0.0794369060500496,0.7591257381945682,3
0.3964563522919939,0.726061607137568,3
0.3346077012531537,0.7857289069418019,3
0.3369868151708499,0.6513534246440685,3
0.394582817897257,0.9432603897568088,3
0.4367961298107506,0.6400659595861914,3
0.4725159887135081,0.6457575519537362,3
0.2578377385892049,0.5629288425923675,3
0.0727684454531699,0.7485456157233171,3
0.4714125499440235,0.6032067606996118,3
0.1589070753228337,0.8761006525218458,3
0.0113551545315476,0.7768021456157775,1
0.2769404456806627,0.8134930796339637,3
0.2499072710709743,0.590349848580046,3
0.4212644072627954,0.6563817021220888,3
0.1919871588281489,0.7414814372785895,3
0.3393009012157808,0.861897503983581,3
0.1133987509847848,0.6318496676101495,3
0.4901602950754596,0.7604868354837553,3
0.3923153311193181,0.9047587517763944,3
0.3683808890827864,0.981911320069018,3
0.077671578411377,0.9015030172298548,3
0.3403697699279433,0.5105137184288355,0
0.3776376551990412,0.5889773504331111,0
0.3806239403113346,0.8988485239357001,3
0.0813293724867875,0.997700558798745,3
0.2832876356270934,0.8341416772689609,3
0.3858083962372384,0.9222559624853328,3
0.4132943964323046,0.7437340942420716,3
0.0141757381314154,0.8356239023745012,3
0.4258971006631205,0.651335862385433,3
0.3883318123911109,0.5985896851421851,3
0.3568175217508635,0.6527070837963478,3
0.0544886155148505,0.654248879358153,3
0.0427763164106362,0.7196711149162206,1
0.4633463555889616,0.7290273553523317,3
0.1462255920135931,0.8671558791110647,3
0.4809002120214735,0.5141275223423998,0
0.433985442612117,0.8173569085635091,3
0.3169796272872337,0.8462194330121839,3
0.4090890073448585,0.6737894606766127,3
0.196697593282519,0.7449022108954622,3
0.0395082370425622,0.7832565520784958,3
0.4935576547651347,0.5023928531790482,0
0.4655889223310747,0.7319144060256471,3
0.4509340530721759,0.5065269351366279,0
0.3724031584689855,0.5464851598054228,0
0.2241855280940754,0.8935601402937016,3
0.0427235676003703,0.908642382198452,3
0.2791057212361614,0.8411171136998193,3
0.3129000970849489,0.88896761671038,3
0.2574997713915457,0.8139752924983894,3
0.4302234070756433,0.5986376097117224,3
0.017980145119154,0.9768603855795102,3
0.4235192714922974,0.5577752042622438,3
0.0554831615665425,0.6784389486732205,1
0.3809421971458345,0.6621357928006261,3
0.4084739033766913,0.7282333275826479,3
0.49616325437659,0.7593977638354156,3
0.3769771678752867,0.9167908171320478,3
0.3856944960513306,0.9803785951354156,3
0.2949570768410136,0.5881077825234342,0
0.0859020754721111,0.8445165754054726,3
0.060587430323483,0.96381319408155,3
0.1843473231971027,0.6002802925542479,1
0.1217466316075316,0.6302076459213457,3
0.3609558668576167,0.7097798209600547,3
0.3841238000625363,0.6807729745963698,3
0.2977177050547509,0.6539790178628625,3
0.4253281937671928,0.9457812639258886,3
0.5066064100612326,0.8548634353860226,3
0.0256395417653674,0.7478894578370561,1
0.0043880784396485,0.85135113173313,3
0.2363083917207343,0.5823934232275118,3
0.3337846968220731,0.5274263912024645,0
0.4134764011653028,0.9620522314096808,3
